state,year,oberate,unerate,pcspend,fastfood,bachelors,pop,income
Alabama,2012,33,8.2,28920,3482,23.3,4816.632,53970
Alaska,2012,25.7,7.2,42455,409,28,730.81,79030
Arizona,2012,26,8.3,32261,4238,27.3,6556.344,58410
Arkansas,2012,34.5,7.3,28227,1978,21,2952.876,48450
California,2012,25,10.5,37112,27758,30.9,37944.551,70800
Colorado,2012,20.5,8.0,36572,3837,37.5,5193.66,71090
Connecticut,2012,25.6,8.4,42958,2348,37.1,3595.211,79770
Delaware,2012,26.9,7.1,39308,642,29.5,915.518,60810
District of Columbia,2012,21.9,9.0,59099,812,53,635.737,81010
Florida,2012,25.2,8.6,36295,11899,26.8,19302.016,57210
Georgia,2012,29.1,9.0,30881,7372,28.2,9903.58,59750
Hawaii,2012,23.6,5.9,36670,1294,30.1,1395.199,69860
Idaho,2012,26.8,7.4,28109,1040,25.5,1595.91,59500
Illinois,2012,28.1,9.0,36008,9591,31.6,12883.029,64240
Indiana,2012,31.4,8.2,31369,4668,23.4,6538.989,57310
Iowa,2012,30.4,5.1,32499,1937,26.3,3076.844,66360
Kansas,2012,29.8,5.7,32799,2023,30.4,2886.024,62090
Kentucky,2012,31.3,8.2,29859,3087,21.8,4387.865,51020
Louisiana,2012,34.7,6.7,31288,3113,22,4602.067,48530
Maine,2012,28.3,7.2,37030,922,28,1328.094,61040
Maryland,2012,27.6,6.9,39069,4952,36.9,5888.375,89200
Massachusetts,2012,22.9,6.7,44088,4946,39.3,6664.269,79040
Michigan,2012,31.1,9.0,33397,6583,26,9898.289,62100
Minnesota,2012,25.7,5.6,38170,3393,33.2,5377.5,76730
Mississippi,2012,34.6,8.8,27446,1996,20.7,2984.599,45500
Missouri,2012,29.6,7.2,34100,4121,26.4,6026.027,61790
Montana,2012,24.3,5.8,35272,732,29.4,1004.168,55980
Nebraska,2012,28.6,3.9,34613,1297,29,1853.691,64810
Nevada,2012,26.2,11.6,33398,2170,22.4,2744.67,58770
New Hampshire,2012,27.3,5.4,42586,1055,34.6,1324.677,84210
New Jersey,2012,24.6,9.4,41742,6641,36.2,8845.671,82810
New Mexico,2012,27.1,7.0,29950,1428,26.1,2087.715,53920
New York,2012,23.6,8.6,38847,16239,33.4,19574.362,59200
North Carolina,2012,29.6,9.5,31226,7125,27.4,9751.81,51600
North Dakota,2012,29.7,2.9,40360,433,27.9,702.227,69240
Ohio,2012,30.1,7.4,32988,8931,25.2,11550.971,55100
Oklahoma,2012,32.2,5.1,29898,2673,23.8,3819.32,60110
Oregon,2012,27.3,8.8,33247,2782,29.9,3900.102,64290
Pennsylvania,2012,29.1,7.7,37515,8734,27.8,12769.123,64450
Rhode Island,2012,25.7,10.2,35785,806,31.4,1054.893,69610
South Carolina,2012,31.6,9.0,31114,3432,25.1,4719.027,55130
South Dakota,2012,28.1,4.1,33929,516,26.3,833.859,61360
Tennessee,2012,31.1,8.0,31037,4579,24.3,6455.752,53390
Texas,2012,29.2,6.7,32894,18265,26.7,26084.12,64480
Utah,2012,24.3,4.8,28727,2105,30.7,2854.146,72440
Vermont,2012,23.7,4.8,40771,385,35.8,626.361,69010
Virginia,2012,27.4,5.9,37422,6124,35.5,8187.456,80250
Washington,2012,26.8,7.7,37192,4839,31.7,6898.599,77220
West Virginia,2012,33.8,7.2,30767,1274,18.6,1857.446,54080
Wisconsin,2012,29.7,6.9,34032,3472,27.1,5720.825,65910
Wyoming,2012,24.6,5.5,36878,399,24.7,576.656,71410
Alabama,2013,32.4,7.3,29594,3528,23.5,4831.586,58050
Alaska,2013,28.4,7.0,42914,418,28,737.626,88910
Arizona,2013,26.8,7.8,33037,4253,27.4,6634.69,64540
Arkansas,2013,34.6,7.1,28820,1919,20.6,2960.459,48310
California,2013,24.1,9.0,37970,27912,31,38253.768,74580
Colorado,2013,21.3,6.7,37798,3851,37.8,5270.774,83310
Connecticut,2013,25,8.0,43904,2375,37.2,3595.792,85010
Delaware,2013,31.1,6.6,39938,633,29.8,924.062,66360
District of Columbia,2013,22.9,8.4,60427,820,55.1,651.559,73680
Florida,2013,26.4,7.5,37064,12012,27.2,19551.678,59540
Georgia,2013,30.3,8.1,31764,7575,28.3,9975.592,57650
Hawaii,2013,21.8,4.8,37772,1250,31.2,1408.822,78800
Idaho,2013,29.6,6.8,29207,1033,26.2,1612.053,59460
Illinois,2013,29.4,9.1,36749,9696,32.1,12895.778,66170
Indiana,2013,31.8,7.5,31915,4733,23.8,6570.575,60670
Iowa,2013,31.3,4.7,33094,1945,26.4,3093.935,73800
Kansas,2013,30,5.3,33224,2062,31.1,2894.306,58670
Kentucky,2013,33.2,7.9,30453,3155,22.6,4406.906,55060
Louisiana,2013,33.1,6.4,32050,3244,22.5,4626.04,56950
Maine,2013,28.9,6.7,37869,967,28.2,1328.543,67420
Maryland,2013,28.3,6.5,39616,5002,37.4,5925.197,85080
Massachusetts,2013,23.6,6.6,44949,5057,40.3,6715.158,76710
Michigan,2013,31.5,8.7,34338,6576,26.9,9914.802,69400
Minnesota,2013,25.5,5.0,39029,3447,33.5,5414.722,78910
Mississippi,2013,35.1,8.5,28018,2055,20.4,2989.839,39670
Missouri,2013,30.4,6.8,34668,4105,27,6042.989,56800
Montana,2013,24.6,5.4,36104,719,29,1014.158,53000
Nebraska,2013,29.6,3.7,35118,1327,29.4,1865.813,70690
Nevada,2013,26.2,10.0,34264,2229,22.5,2776.956,63600
New Hampshire,2013,26.7,5.3,43632,1025,34.6,1327.272,84770
New Jersey,2013,26.3,8.4,42463,6738,36.6,8857.821,78210
New Mexico,2013,26.4,6.9,30456,1444,26.4,2092.833,49280
New York,2013,25.4,7.8,39977,16461,34.1,19626.488,61300
North Carolina,2013,29.4,7.8,31996,7282,28.4,9846.717,56850
North Dakota,2013,31,2.9,41855,440,27.1,723.149,72570
Ohio,2013,30.4,7.5,33966,9058,26.1,11579.692,62260
Oklahoma,2013,32.5,5.1,30561,2716,23.8,3853.891,56630
Oregon,2013,26.5,7.8,34050,2796,30.7,3924.11,60110
Pennsylvania,2013,30,7.1,38298,8898,28.7,12779.538,67670
Rhode Island,2013,27.3,9.5,36792,834,32.4,1055.56,69100
South Carolina,2013,31.7,7.4,31960,3364,26.1,4766.469,53440
South Dakota,2013,29.9,3.7,34566,521,26.6,842.751,65530
Tennessee,2013,33.7,7.8,31462,4602,24.8,6496.943,53200
Texas,2013,30.9,6.3,33814,18628,27.5,26479.646,63070
Utah,2013,24.1,4.2,29418,2112,31.3,2898.773,74890
Vermont,2013,24.7,4.4,41462,405,35.7,626.603,80370
Virginia,2013,27.2,5.6,37935,6218,36.1,8255.861,80850
Washington,2013,27.2,6.6,38217,4846,32.7,6966.252,78420
West Virginia,2013,35.1,6.7,31406,1260,18.9,1854.768,52840
Wisconsin,2013,29.8,6.7,34729,3531,27.7,5738.012,63460
Wyoming,2013,27.8,4.8,37723,409,26.6,582.62,82740
Alabama,2014,33.5,6.7,30365,3561,23.5,4843.737,51140
Alaska,2014,29.7,6.7,44251,429,28,737.075,81800
Arizona,2014,28.9,6.8,34068,4211,27.6,6732.873,59580
Arkansas,2014,35.9,5.9,29915,1939,21.4,2968.759,54340
California,2014,24.7,7.6,39399,28292,31.7,38586.706,73170
Colorado,2014,21.3,5.0,39447,3877,38.3,5352.637,73710
Connecticut,2014,26.3,6.6,45491,2429,38,3595.697,84870
Delaware,2014,30.7,5.6,41310,615,30.6,933.131,69580
District of Columbia,2014,21.7,7.7,62088,839,55,663.603,82590
Florida,2014,26.2,6.4,38593,12156,27.3,19853.88,55810
Georgia,2014,30.5,7.1,33086,7702,29.1,10071.204,59940
Hawaii,2014,22.1,4.2,38715,1249,31,1415.335,86150
Idaho,2014,28.9,4.4,30167,1041,25,1632.248,64640
Illinois,2014,29.3,7.2,38009,9643,32.8,12885.092,66430
Indiana,2014,32.7,5.9,32872,4753,24.7,6596.019,58130
Iowa,2014,30.9,4.2,34155,1918,27.7,3110.643,69930
Kansas,2014,31.3,4.5,34094,2001,31.5,2901.861,64650
Kentucky,2014,31.6,6.4,31279,3133,22.2,4416.992,51750
Louisiana,2014,34.9,6.3,32991,3268,22.9,4645.938,51290
Maine,2014,28.2,5.6,38457,931,29.4,1331.217,62550
Maryland,2014,29.6,5.7,40557,4896,38.2,5960.064,92130
Massachusetts,2014,23.3,5.7,46336,5080,41.2,6764.864,76390
Michigan,2014,30.7,7.2,35628,6656,27.4,9932.033,62910
Minnesota,2014,27.6,4.3,40107,3419,34.3,5452.665,81340
Mississippi,2014,35.5,7.6,28763,2112,21.1,2991.892,42970
Missouri,2014,30.2,6.2,35565,4041,27.5,6059.13,68500
Montana,2014,26.4,4.7,37529,703,29.3,1022.657,61810
Nebraska,2014,30.2,3.3,36174,1346,29.5,1879.955,68790
Nevada,2014,27.7,8.2,35371,2250,23.1,2818.935,60330
New Hampshire,2014,27.4,4.3,44330,1017,35,1334.257,88780
New Jersey,2014,26.9,6.7,43685,6655,37.4,8867.277,78920
New Mexico,2014,28.4,6.6,31620,1449,26.4,2090.236,56470
New York,2014,27,6.3,41736,16721,34.5,19653.431,65690
North Carolina,2014,29.7,6.1,33144,7355,28.7,9937.295,56590
North Dakota,2014,32.2,2.6,43307,456,27.4,738.736,73460
Ohio,2014,32.6,5.8,34939,9094,26.6,11606.573,60050
Oklahoma,2014,33,4.3,31579,2764,24.2,3879.187,57090
Oregon,2014,27.9,6.7,35437,2767,30.8,3965.447,71220
Pennsylvania,2014,30.2,5.9,39200,8910,29,12792.392,66740
Rhode Island,2014,27,7.8,38081,821,30.4,1056.511,70920
South Carolina,2014,32.1,6.3,33050,3411,26.3,4826.858,54350
South Dakota,2014,29.8,3.3,35484,521,27.8,849.67,64170
Tennessee,2014,31.2,6.6,32483,4645,25.3,6544.617,52880
Texas,2014,31.9,5.2,35204,18804,27.8,26963.092,65170
Utah,2014,25.7,3.6,30720,2138,31.1,2938.327,76670
Vermont,2014,24.8,4.0,42775,397,34.9,625.693,73430
Virginia,2014,28.5,5.1,38807,6248,36.7,8315.43,80020
Washington,2014,27.3,5.9,39582,4828,33.1,7057.531,71450
West Virginia,2014,35.7,6.5,32156,1261,19.2,1850.569,47840
Wisconsin,2014,31.2,5.3,35815,3534,28.4,5753.199,70250
Wyoming,2014,29.5,4.3,39564,391,26.6,583.159,67360
Alabama,2015,35.6,6.1,31130,3668,24.2,4854.803,53880
Alaska,2015,29.8,6.3,45018,420,29.7,738.43,90920
Arizona,2015,28.4,6.1,34963,4443,27.7,6832.81,63250
Arkansas,2015,34.5,5.0,30759,1979,21.8,2979.732,51810
California,2015,24.2,6.3,40952,29306,32.3,38904.296,77030
Colorado,2015,20.2,3.7,40878,4011,39.2,5454.328,80610
Connecticut,2015,25.3,5.6,46696,2487,38.3,3588.561,88230
Delaware,2015,29.7,4.8,41892,646,30.9,942.065,69910
District of Columbia,2015,22.1,6.9,63388,847,56.7,677.014,84820
Florida,2015,26.8,5.5,39913,12475,28.4,20219.111,59100
Georgia,2015,30.7,6.1,34034,7747,29.9,10183.353,61450
Hawaii,2015,22.7,3.4,39543,1262,31.4,1422.999,78090
Idaho,2015,28.6,3.9,30573,1064,26,1652.495,62490
Illinois,2015,30.8,6.0,39175,9965,32.9,12859.585,73130
Indiana,2015,31.3,4.8,33611,4722,24.9,6611.442,62930
Iowa,2015,32.1,3.7,34610,1925,26.8,3122.541,73660
Kansas,2015,34.2,4.2,34839,2036,31.7,2910.717,66410
Kentucky,2015,34.6,5.2,32339,3165,23.3,4429.126,51310
Louisiana,2015,36.2,6.3,33707,3287,23.2,4666.998,55590
Maine,2015,30,4.4,39645,954,30.1,1329.098,61440
Maryland,2015,28.9,5.0,41324,5000,38.8,5988.528,89090
Massachusetts,2015,24.3,4.8,47725,5105,41.5,6797.484,82150
Michigan,2015,31.2,5.4,36755,6813,27.8,9934.483,65610
Minnesota,2015,26.1,3.8,41017,3493,34.7,5484.002,83200
Mississippi,2015,35.6,6.5,29488,2173,20.8,2990.231,48460
Missouri,2015,32.4,5.1,36446,4153,27.8,6075.411,71660
Montana,2015,23.6,4.3,38021,690,30.6,1031.495,62210
Nebraska,2015,31.4,3.0,36886,1356,30.2,1892.059,73200
Nevada,2015,26.7,6.8,36284,2343,23.6,2868.531,62960
New Hampshire,2015,26.3,3.4,45941,1025,35.7,1337.48,91600
New Jersey,2015,25.6,5.7,44533,6711,37.6,8870.312,82750
New Mexico,2015,28.8,6.6,32292,1458,26.5,2090.071,54620
New York,2015,25,5.2,42749,16922,35,19657.321,70210
North Carolina,2015,30.1,5.7,34154,7534,29.4,10037.218,61490
North Dakota,2015,31,2.8,43358,457,29.1,755.537,69500
Ohio,2015,29.8,5.0,35898,9117,26.8,11622.315,64520
Oklahoma,2015,33.9,4.3,31787,2752,24.6,3910.518,56990
Oregon,2015,30.1,5.5,36853,2870,32.2,4018.542,73640
Pennsylvania,2015,30,5.4,40187,9049,29.7,12789.838,73100
Rhode Island,2015,26,6.0,39037,837,32.7,1056.886,67430
South Carolina,2015,31.7,5.9,33927,3453,26.8,4896.006,56120
South Dakota,2015,30.4,3.0,36505,553,27.5,854.663,66660
Tennessee,2015,33.8,5.6,33227,4767,25.7,6595.354,57290
Texas,2015,32.4,4.5,36040,19385,28.4,27468.531,68360
Utah,2015,24.5,3.5,31671,2251,31.8,2983.626,80200
Vermont,2015,25.1,3.5,43236,398,36.9,625.81,72020
Virginia,2015,29.2,4.4,39389,6303,37,8367.303,74430
Washington,2015,26.4,5.4,40656,4824,34.2,7167.287,81400
West Virginia,2015,35.6,6.6,33121,1214,19.6,1843.332,51840
Wisconsin,2015,30.7,4.4,36631,3580,28.4,5762.927,67090
Wyoming,2015,29,4.2,39653,397,26.2,586.389,73750
Alabama,2016,35.7,5.9,32005,3822,24.7,4866.824,56660
Alaska,2016,31.4,6.6,45703,421,29.6,742.575,90860
Arizona,2016,29,5.5,35827,4585,28.9,6944.767,68510
Arkansas,2016,35.7,4.0,31828,2014,22.4,2991.815,55080
California,2016,25,5.5,42472,29995,32.9,39149.186,79960
Colorado,2016,22.3,3.1,42285,4098,39.9,5543.844,84670
Connecticut,2016,26,4.8,47588,2535,38.6,3579.83,91100
Delaware,2016,30.7,4.5,42563,665,31,949.989,69650
District of Columbia,2016,22.6,6.2,64561,877,56.8,687.576,85170
Florida,2016,27.4,4.9,40682,12793,28.6,20627.237,61400
Georgia,2016,31.4,5.4,35012,8050,30.5,10308.442,64230
Hawaii,2016,23.8,2.9,40231,1286,31.9,1428.885,86550
Idaho,2016,27.4,3.7,31610,1083,27.6,1684.036,67870
Illinois,2016,31.6,5.9,40351,10145,34,12821.709,73650
Indiana,2016,32.5,4.4,34627,4812,25.6,6637.898,67310
Iowa,2016,32,3.6,35631,1990,28.4,3133.21,70900
Kansas,2016,31.2,4.0,35643,2058,32.8,2912.977,68160
Kentucky,2016,34.2,5.0,33301,3179,23.4,4440.306,54440
Louisiana,2016,35.5,6.1,34426,3364,23.4,4681.346,50630
Maine,2016,29.9,3.8,41399,955,30.1,1332.348,61020
Maryland,2016,29.9,4.3,42125,5100,39.3,6007.014,88500
Massachusetts,2016,23.6,4.0,49061,5124,42.7,6827.28,86710
Michigan,2016,32.5,5.0,38081,6832,28.3,9954.117,68500
Minnesota,2016,27.8,3.9,42026,3510,34.8,5525.36,84250
Mississippi,2016,37.3,5.9,30195,2222,21.8,2990.595,49310
Missouri,2016,31.7,4.5,37331,4153,28.5,6091.384,66010
Montana,2016,25.5,4.3,38364,705,31,1042.137,68480
Nebraska,2016,32,3.1,37865,1367,31.4,1906.483,71240
Nevada,2016,25.8,5.8,37334,2439,23.5,2919.555,66510
New Hampshire,2016,26.6,2.9,46880,1008,36.6,1343.694,91500
New Jersey,2016,27.4,4.9,45607,6802,38.6,8873.584,82150
New Mexico,2016,28.3,6.7,32896,1459,27.2,2092.555,58130
New York,2016,25.5,4.9,43996,16955,35.7,19636.391,73720
North Carolina,2016,31.8,5.1,35028,7688,30.4,10161.802,64510
North Dakota,2016,31.9,3.1,43099,475,29.6,756.114,72210
Ohio,2016,31.5,5.0,36834,9298,27.5,11640.06,64770
Oklahoma,2016,32.8,4.6,32267,2771,25.2,3928.143,61120
Oregon,2016,28.7,4.7,37857,2932,32.7,4093.271,70950
Pennsylvania,2016,30.3,5.3,41003,9209,30.8,12788.468,73170
Rhode Island,2016,26.6,5.2,39826,842,34.1,1057.816,73830
South Carolina,2016,32.3,4.9,34947,3488,27.2,4963.031,65200
South Dakota,2016,29.6,3.0,37560,555,28.9,863.693,68930
Tennessee,2016,34.8,4.7,34300,4930,26.1,6651.277,61610
Texas,2016,33.7,4.6,36749,20174,28.9,27914.064,69770
Utah,2016,25.4,3.3,33023,2323,32.6,3044.241,80970
Vermont,2016,27.1,3.1,43655,395,36.4,624.366,73000
Virginia,2016,29,4.0,40164,6376,38.1,8417.651,79730
Washington,2016,28.6,5.2,41937,4844,35.1,7299.961,84360
West Virginia,2016,37.7,6.1,34297,1203,20.8,1832.435,53220
Wisconsin,2016,30.7,3.9,37578,3637,29.5,5775.17,71770
Wyoming,2016,27.7,5.4,40452,379,27.1,585.243,69390
Alabama,2017,36.3,4.5,33020,3964,25.5,4877.989,59980
Alaska,2017,34.2,6.5,47074,456,28.8,740.983,91960
Arizona,2017,29.5,5.0,37651,4880,29.4,7048.088,70390
Arkansas,2017,35,3.7,32785,2116,23.4,3003.855,58660
California,2017,25.1,4.8,44443,31903,33.6,39337.785,82580
Colorado,2017,22.6,2.6,44281,4397,41.2,5617.421,88420
Connecticut,2017,26.9,4.4,49084,2668,38.7,3575.324,87620
Delaware,2017,31.8,4.5,43879,703,31.5,957.942,76600
District of Columbia,2017,23,6.1,66501,891,57.3,697.079,95840
Florida,2017,28.4,4.3,42102,13574,29.7,20977.089,62600
Georgia,2017,31.6,4.8,36470,8615,30.9,10417.031,68370
Hawaii,2017,23.8,2.2,42047,1366,32.9,1425.763,86780
Idaho,2017,29.3,3.2,32724,1144,26.8,1719.745,70160
Illinois,2017,31.1,4.9,41749,10440,34.4,12779.893,77790
Indiana,2017,33.6,3.5,36173,4969,26.8,6662.068,69290
Iowa,2017,36.4,3.1,36790,2131,28.9,3143.734,74840
Kansas,2017,32.4,3.6,36710,2183,33.7,2910.892,67090
Kentucky,2017,34.3,4.8,34456,3340,24,4455.59,58570
Louisiana,2017,36.2,5.1,35577,3585,23.8,4673.673,51370
Maine,2017,29.1,3.4,43245,1011,32.1,1335.743,62870
Maryland,2017,31.3,4.0,43147,5408,39.7,6028.186,96800
Massachusetts,2017,25.9,3.8,50990,5365,43.4,6863.56,89900
Michigan,2017,32.3,4.6,39450,7338,29.1,9976.752,66510
Minnesota,2017,28.4,3.5,43524,3822,36.1,5569.283,82510
Mississippi,2017,37.3,5.2,30952,2321,21.9,2990.674,51030
Missouri,2017,32.5,3.7,38477,4443,29.1,6111.382,66660
Montana,2017,25.3,4.1,39685,738,32.3,1053.862,67690
Nebraska,2017,32.8,3.0,38869,1434,31.7,1916.998,70260
Nevada,2017,26.7,5.0,39008,2599,24.9,2972.097,68440
New Hampshire,2017,28.1,2.8,49084,1068,36.9,1350.395,89180
New Jersey,2017,27.3,4.5,46736,7081,39.7,8888.147,84000
New Mexico,2017,28.4,6.1,33853,1537,27.1,2092.844,53770
New York,2017,25.7,4.6,45811,17778,36,19593.849,72570
North Carolina,2017,32.1,4.5,36372,8024,31.3,10275.758,58420
North Dakota,2017,33.2,2.6,43083,503,30.7,756.755,70950
Ohio,2017,33.8,5.0,38164,9589,28,11665.706,71560
Oklahoma,2017,36.5,4.0,33224,2922,25.5,3933.602,61180
Oregon,2017,29.4,4.1,39694,3118,33.7,4147.294,73690
Pennsylvania,2017,31.6,5.0,42352,9579,31.4,12794.679,72260
Rhode Island,2017,30,4.5,41044,885,33.5,1056.554,77120
South Carolina,2017,34.1,4.2,35995,3724,28,5027.102,64310
South Dakota,2017,31.9,3.1,38776,572,28.1,873.732,67110
Tennessee,2017,32.8,3.7,35610,5263,27.3,6714.748,65210
Texas,2017,33,4.3,38066,21501,29.6,28291.024,70860
Utah,2017,25.3,3.1,34424,2411,34.6,3103.54,82290
Vermont,2017,27.6,3.0,44891,426,38.3,625.132,75090
Virginia,2017,30.1,3.7,41093,6686,38.7,8471.011,83500
Washington,2017,27.7,4.6,43736,5094,35.5,7427.951,84360
West Virginia,2017,38.1,5.2,35123,1298,20.2,1818.683,55370
Wisconsin,2017,32,3.3,39054,3756,30.4,5793.147,74850
Wyoming,2017,28.8,4.3,41471,381,27.6,579.994,70200
Alabama,2018,36.2,3.9,34053,4005,25.5,4891.628,57720
Alaska,2018,29.5,6.0,48904,453,30.2,736.624,79450
Arizona,2018,29.5,4.8,39285,4941,29.7,7164.228,71990
Arkansas,2018,37.1,3.6,34151,2108,23.3,3012.161,57540
California,2018,25.8,4.3,46948,32534,34.2,39437.463,81480
Colorado,2018,23,3.0,46115,4362,41.7,5697.155,84420
Connecticut,2018,27.4,3.9,50888,2713,39.6,3574.561,84160
Delaware,2018,33.5,3.8,45782,762,31.3,966.985,75140
District of Columbia,2018,24.7,5.6,69871,896,60.4,704.147,99110
Florida,2018,30.7,3.7,44005,14061,30.4,21254.926,63160
Georgia,2018,32.5,4.0,37967,8762,31.9,10519.389,64520
Hawaii,2018,24.9,2.4,43813,1380,33.5,1423.102,92590
Idaho,2018,28.4,2.9,33973,1171,27.7,1752.074,67880
Illinois,2018,31.8,4.4,43625,10460,35.1,12724.685,81080
Indiana,2018,34.1,3.4,37593,4961,27.1,6698.481,69230
Iowa,2018,35.3,2.5,37817,2136,29,3149.9,79430
Kansas,2018,34.4,3.3,37966,2175,33.8,2912.748,73900
Kentucky,2018,36.6,4.2,35940,3317,24.8,4464.273,63060
Louisiana,2018,36.8,4.8,36862,3544,24.3,4664.45,57760
Maine,2018,30.4,3.1,45253,1007,31.5,1340.123,67810
Maryland,2018,30.9,3.6,44612,5424,40.8,6042.153,99660
Massachusetts,2018,25.7,3.4,52863,5387,44.5,6885.72,99800
Michigan,2018,33,4.2,40991,7384,29.6,9987.286,69870
Minnesota,2018,30.1,3.1,45231,3781,36.7,5608.762,83010
Mississippi,2018,39.5,4.9,31767,2301,23.2,2982.879,49450
Missouri,2018,35,3.2,39942,4476,29.5,6125.986,71350
Montana,2018,26.9,3.7,41576,746,31.7,1061.818,66670
Nebraska,2018,34.1,2.9,39995,1391,32.4,1925.512,78110
Nevada,2018,29.5,4.4,40610,2612,24.9,3030.725,71510
New Hampshire,2018,29.6,2.6,50571,1085,36.8,1355.064,94020
New Jersey,2018,25.7,4.0,48411,7212,40.8,8891.73,85740
New Mexico,2018,32.3,4.9,35349,1539,27.7,2093.754,55810
New York,2018,27.6,4.1,47925,17955,37.2,19544.098,77760
North Carolina,2018,33,4.0,37769,8070,31.9,10391.358,61690
North Dakota,2018,35.1,2.4,44511,500,29.7,760.062,76870
Ohio,2018,34,4.5,39380,9683,29,11680.892,71240
Oklahoma,2018,34.8,3.3,34621,3009,25.6,3943.488,62920
Oregon,2018,29.9,4.0,41613,3095,34,4183.538,79950
Pennsylvania,2018,30.9,4.5,44338,9669,31.8,12809.107,74580
Rhode Island,2018,27.7,4.1,42598,861,34.4,1059.338,71970
South Carolina,2018,34.3,3.4,37178,3786,28.3,5091.702,66400
South Dakota,2018,30.1,2.8,40368,565,29.2,879.386,68730
Tennessee,2018,34.4,3.5,36770,5319,27.5,6778.18,64800
Texas,2018,34.8,3.9,39450,21986,30.3,28624.564,69100
Utah,2018,27.8,2.9,36280,2442,34.9,3155.153,89080
Vermont,2018,27.5,2.6,47255,426,38.7,624.802,80990
Virginia,2018,30.4,3.0,42644,6840,39.3,8510.92,89180
Washington,2018,28.7,4.4,45821,5083,36.7,7526.793,92150
West Virginia,2018,39.5,5.2,36710,1322,21.3,1805.953,58460
Wisconsin,2018,32,3.0,40432,3782,30,5809.319,72390
Wyoming,2018,29,4.1,42888,362,26.9,579.054,72290
Alabama,2019,36.1,3.2,35345,4083,26.3,4907.965,64010
Alaska,2019,30.5,5.5,50140,452,30.2,733.603,89290
Arizona,2019,31.4,4.9,40519,5020,30.2,7291.843,80500
Arkansas,2019,37.4,3.5,34722,2145,23.3,3020.985,62120
California,2019,26.2,4.1,49004,32421,35,39437.61,88960
Colorado,2019,23.8,2.6,48067,4357,42.7,5758.486,82580
Connecticut,2019,29.1,3.5,51713,2682,39.8,3566.022,99420
Delaware,2019,34.4,3.7,46730,769,33.2,976.668,84510
District of Columbia,2019,23.8,5.4,72117,864,59.7,708.253,106100
Florida,2019,27,3.2,45273,14198,30.7,21492.056,66480
Georgia,2019,33.1,3.6,39074,8932,32.5,10628.02,64500
Hawaii,2019,25,2.5,45835,1387,33.6,1415.615,100200
Idaho,2019,29.5,3.0,34643,1170,28.7,1789.06,75160
Illinois,2019,31.6,4.0,44665,10410,35.8,12667.017,84740
Indiana,2019,35.3,3.3,38310,4944,26.9,6731.01,75960
Iowa,2019,33.9,2.6,38615,2114,29.3,3159.596,75240
Kansas,2019,35.2,3.1,38971,2130,34,2912.635,83320
Kentucky,2019,36.5,4.1,36704,3311,25.1,4472.345,63400
Louisiana,2019,35.9,4.6,37830,3576,25,4658.285,58890
Maine,2019,31.7,2.8,46310,998,33.2,1345.77,75800
Maryland,2019,32.3,3.4,45295,5491,40.9,6054.954,108900
Massachusetts,2019,25.2,3.1,54409,5410,45,6894.883,99900
Michigan,2019,36,4.1,42040,7351,30,9984.795,73030
Minnesota,2019,30.1,3.4,45893,3778,37.3,5640.053,92740
Mississippi,2019,40.8,5.4,32368,2333,22.3,2978.227,51010
Missouri,2019,34.8,3.1,40742,4443,30.2,6140.475,69020
Montana,2019,28.3,3.6,42555,764,33.6,1070.123,68560
Nebraska,2019,34.1,3.0,40872,1426,33.2,1932.571,83230
Nevada,2019,30.6,4.0,41723,2624,25.7,3090.771,80760
New Hampshire,2019,31.8,2.6,51826,1073,37.6,1360.783,98980
New Jersey,2019,26.7,3.4,50009,7163,41.2,8891.258,99920
New Mexico,2019,31.7,4.9,35705,1546,27.7,2099.634,60500
New York,2019,27.1,3.8,49614,17931,37.8,19463.131,81840
North Carolina,2019,34,3.8,39066,8123,32.3,10501.384,69660
North Dakota,2019,34.8,2.1,45787,497,30.4,763.724,79760
Ohio,2019,34.8,4.2,40364,9721,29.3,11696.507,73650
Oklahoma,2019,36.8,3.1,35108,3010,26.2,3960.676,67650
Oregon,2019,29,3.7,42776,3060,34.5,4216.116,84760
Pennsylvania,2019,33.2,4.5,45489,9592,32.3,12798.883,80390
Rhode Island,2019,30,3.6,43673,870,34.8,1058.158,79900
South Carolina,2019,35.4,2.8,38340,3811,29.6,5157.702,70650
South Dakota,2019,33,2.8,41346,567,29.7,887.127,73190
Tennessee,2019,36.5,3.4,38004,5399,28.7,6830.325,64500
Texas,2019,34,3.5,40509,22342,30.8,28986.794,76820
Utah,2019,29.2,2.6,37734,2491,34.8,3203.383,96270
Vermont,2019,26.6,2.3,48187,414,38.7,624.046,84630
Virginia,2019,31.9,2.8,43669,6899,39.6,8556.642,92610
Washington,2019,28.3,4.3,47202,5032,37,7614.024,93910
West Virginia,2019,39.7,4.9,37645,1312,21.1,1795.263,61170
Wisconsin,2019,34.2,3.2,41453,3783,31.3,5824.581,76720
Wyoming,2019,29.7,3.7,43862,363,29.1,580.116,74190
Alabama,2020,39,6.5,34878,4079,27.8,5031.362,61650
Alaska,2020,31.9,8.2,47762,439,31.9,732.923,84260
Arizona,2020,30.9,7.7,40605,5025,33,7179.943,75620
Arkansas,2020,36.4,6.1,34979,2142,24.9,3014.195,57240
California,2020,30.3,10.2,47720,31771,36.9,39501.653,87530
Colorado,2020,24.2,6.9,47355,4309,44.2,5784.865,94440
Connecticut,2020,29.2,7.8,51237,2664,42.4,3597.362,89540
Delaware,2020,36.5,7.6,45032,779,34.7,992.114,78930
District of Columbia,2020,24.3,8.0,69929,827,63.6,670.868,99440
Florida,2020,28.4,8.2,44655,14172,33.7,21589.602,65110
Georgia,2020,34.3,6.5,38419,8997,34.8,10729.828,66810
Hawaii,2020,24.5,12.0,44038,1378,35.5,1451.043,91110
Idaho,2020,31.1,5.5,34689,1225,30.9,1849.202,75220
Illinois,2020,32.4,9.2,43902,10257,37.6,12786.58,83790
Indiana,2020,36.8,7.2,38193,4940,28.9,6788.799,75310
Iowa,2020,36.5,5.1,37898,2068,29.5,3190.571,77570
Kansas,2020,35.3,5.7,38541,2087,35.1,2937.919,82380
Kentucky,2020,36.6,6.4,36486,3279,27.4,4507.445,63980
Louisiana,2020,38.1,8.7,37393,3616,27.2,4651.664,57700
Maine,2020,31,5.0,46170,982,33.5,1363.557,71800
Maryland,2020,31,6.7,43670,5321,43.1,6173.205,106900
Massachusetts,2020,24.4,9.4,52701,5227,46.9,6995.729,98980
Michigan,2020,35.2,10.0,41154,7275,32.1,10069.577,72590
Minnesota,2020,30.7,6.3,43668,3678,37.9,5709.852,88770
Mississippi,2020,39.7,7.9,32751,2324,24.5,2958.141,50880
Missouri,2020,34,6.1,40251,4411,31.9,6153.998,70090
Montana,2020,28.5,5.8,42067,764,34.6,1087.075,63960
Nebraska,2020,34,4.1,40371,1400,33.3,1962.642,81440
Nevada,2020,28.7,13.5,40581,2672,28,3115.648,68950
New Hampshire,2020,29.9,6.7,51357,1031,40.2,1378.587,100200
New Jersey,2020,27.7,9.5,48875,7095,43.1,9271.689,96430
New Mexico,2020,30.9,8.1,35031,1541,30.1,2118.39,57380
New York,2020,26.3,9.9,47813,17253,39.5,20108.296,77400
North Carolina,2020,33.6,7.1,39063,8033,34.8,10449.445,68120
North Dakota,2020,33.1,5.1,45008,487,31.8,779.518,72270
Ohio,2020,35.5,8.2,39700,9672,30.6,11797.517,68060
Oklahoma,2020,36.4,6.2,34747,2919,27,3964.912,59150
Oregon,2020,28.1,7.6,42277,2995,36.3,4244.795,86630
Pennsylvania,2020,31.5,9.1,44184,9353,34,12994.44,79800
Rhode Island,2020,30.1,9.2,43199,868,38,1096.345,90380
South Carolina,2020,36.2,6.0,38134,3813,31.7,5131.848,68020
South Dakota,2020,33.2,4.3,41284,552,28.4,887.799,79120
Tennessee,2020,35.6,7.4,37751,5391,30.7,6925.619,61970
Texas,2020,35.8,7.7,40235,22469,33.2,29232.474,77110
Utah,2020,28.6,4.7,38228,2473,36.9,3283.785,94680
Vermont,2020,26.3,5.6,47168,400,42.1,642.893,75810
Virginia,2020,32.2,6.2,42913,6835,42,8636.471,92670
Washington,2020,28,8.5,46208,4884,38.4,7724.031,91710
West Virginia,2020,39.1,8.2,37395,1287,23.1,1791.42,58580
Wisconsin,2020,32.3,6.3,40430,3730,31.8,5896.271,75980
Wyoming,2020,30.7,5.8,44286,344,28.2,577.605,73780
Alabama,2021,39.9,3.4,39174,4152,27.4,5049.846,61390
Alaska,2021,33.5,6.4,53982,452,32.8,734.182,87490
Arizona,2021,31.3,4.9,46023,5153,32.4,7264.877,76370
Arkansas,2021,38.7,4.0,39231,2181,25.3,3028.122,54760
California,2021,27.6,7.3,54838,32250,36.2,39142.991,87960
Colorado,2021,25.1,5.4,54126,4401,44.4,5811.297,91610
Connecticut,2021,30.4,6.3,56371,2758,42.1,3623.355,87300
Delaware,2021,33.9,5.3,50700,790,35.6,1004.807,74070
District of Columbia,2021,24.7,6.6,79105,829,63,668.791,97740
Florida,2021,28.4,4.6,51038,14729,33.2,21828.069,64410
Georgia,2021,33.9,3.9,43681,9244,34.6,10788.029,66310
Hawaii,2021,25,5.7,49543,1373,35.3,1447.154,88630
Idaho,2021,31.6,3.6,39639,1239,30.7,1904.314,82940
Illinois,2021,34.2,6.1,49429,10345,37.1,12686.469,85460
Indiana,2021,36.3,3.6,42565,5109,28.9,6813.532,75690
Iowa,2021,36.4,4.2,42247,2087,30.5,3197.689,78100
Kansas,2021,36,3.2,42438,2142,35.4,2937.922,81930
Kentucky,2021,40.3,4.7,41027,3374,27,4506.589,59980
Louisiana,2021,38.6,5.5,42115,3624,26.4,4627.098,61690
Maine,2021,31.9,4.6,51730,994,36,1377.238,76710
Maryland,2021,34.3,5.8,48549,5360,42.5,6174.61,105000
Massachusetts,2021,27.4,5.7,59267,5294,46.6,6989.69,93340
Michigan,2021,34.4,5.9,46019,7439,31.7,10037.504,69540
Minnesota,2021,32.4,3.4,48846,3771,38.9,5711.471,86740
Mississippi,2021,39.1,5.6,36681,2360,24.8,2949.586,50290
Missouri,2021,37.3,4.4,44827,4516,31.7,6169.823,68570
Montana,2021,31.8,3.4,48015,752,34.8,1106.227,70090
Nebraska,2021,35.9,2.5,45469,1459,34.4,1963.554,84220
Nevada,2021,31.3,7.2,46176,2765,27.6,3146.402,69380
New Hampshire,2021,30.6,3.5,56507,1044,40.2,1387.505,95800
New Jersey,2021,28.2,6.3,55472,7315,43.1,9267.961,95490
New Mexico,2021,34.6,6.8,39950,1535,30.1,2116.677,57650
New York,2021,29.1,6.9,53354,17347,39.9,19857.492,78630
North Carolina,2021,36,4.8,44287,8084,34.9,10565.885,67820
North Dakota,2021,35.2,3.7,49209,501,31.7,777.934,74280
Ohio,2021,37.8,5.1,44215,9962,30.7,11764.342,67600
Oklahoma,2021,39.4,3.8,38889,2951,27.9,3991.225,64800
Oregon,2021,30.4,5.2,47649,3027,36.3,4256.301,88260
Pennsylvania,2021,33.3,6.3,48874,9507,34.5,13012.059,78310
Rhode Island,2021,30.1,5.6,48711,879,36.5,1096.985,80850
South Carolina,2021,36.1,4.0,42930,3918,31.5,5193.266,67440
South Dakota,2021,38.4,3.1,45944,563,31.7,896.164,79680
Tennessee,2021,35,4.3,42741,5500,30.5,6968.351,67030
Texas,2021,36.1,5.7,45460,23026,33.1,29558.864,72680
Utah,2021,30.9,2.7,43850,2541,36.8,3339.113,94510
Vermont,2021,29,3.4,51197,421,44.4,646.972,82040
Virginia,2021,34.2,3.9,48003,6892,41.8,8657.365,86550
Washington,2021,28.8,5.2,52155,4975,39,7740.745,94510
West Virginia,2021,40.6,5.0,41273,1299,24.1,1785.526,50500
Wisconsin,2021,33.9,3.8,45491,3788,32.5,5880.101,75420
Wyoming,2021,32,4.5,48858,358,29.2,579.483,76620